Avg F516-518;M145 in F134 medium;;;;
SYS-F-u08-17;;;;;
Online data;;;;;
;;;;;
Time;TAI;pH     ;DO;Agitation;CO2
;[h];;[%];[rpm];[mmol/l/t]
21.02.2017 15:19:30 ;0,09;6,933333333;96,23333333;308;
21.02.2017 15:24:40 ;0,173333333;6,936666667;95,9;309;0,390607975
21.02.2017 15:34:53 ;0,346666667;6,93;95,76666667;307,3333333;0,420620791
21.02.2017 15:40:04 ;0,433333333;6,936666667;95,93333333;307,3333333;0,550382084
21.02.2017 15:45:08 ;0,516666667;6,933333333;96,16666667;307,3333333;0,591429024
21.02.2017 15:50:11 ;0,603333333;6,936666667;96,26666667;307;0,582601725
21.02.2017 15:55:18 ;0,686666667;6,936666667;96;307,6666667;0,593635849
21.02.2017 16:00:22 ;0,773333333;6,936666667;95,9;306,6666667;0,626691134
21.02.2017 16:05:29 ;0,856666667;6,936666667;95,83333333;307,3333333;0,590842277
21.02.2017 16:10:32 ;0,943333333;6,936666667;95,9;308,3333333;0,588629384
21.02.2017 16:15:39 ;1,026666667;6,933333333;95,1;308;0,595268061
21.02.2017 16:20:41 ;1,113333333;6,933333333;95,56666667;307,6666667;0,593055169
21.02.2017 16:25:49 ;1,196666667;6,936666667;95,66666667;307,3333333;0,593055169
21.02.2017 16:30:51 ;1,283333333;6,933333333;95,83333333;306,3333333;0,67758766
21.02.2017 16:39:01 ;1,416666667;6,936666667;95,7;308;0,667850933
21.02.2017 16:44:04 ;1,503333333;6,936666667;95,6;307;0,716977145
21.02.2017 16:49:08 ;1,586666667;6,936666667;95,73333333;309;0,716977145
21.02.2017 16:54:14 ;1,673333333;6,936666667;95,63333333;307,6666667;0,755924051
21.02.2017 16:59:17 ;1,753333333;6,936666667;95,36666667;308,3333333;0,673604453
21.02.2017 17:04:25 ;1,843333333;6,933333333;95,33333333;308,3333333;0,675374767
21.02.2017 17:09:29 ;1,923333333;6,936666667;95,46666667;307,3333333;0,673161875
21.02.2017 17:14:35 ;2,013333333;6,933333333;95,3;306,6666667;0,636427861
21.02.2017 17:19:37 ;2,093333333;6,936666667;95,6;307,3333333;0,675374767
21.02.2017 17:24:45 ;2,176666667;6,936666667;95,33333333;307,3333333;0,75061311
21.02.2017 17:29:48 ;2,263333333;6,936666667;95,43333333;306,6666667;0,719632616
21.02.2017 17:34:54 ;2,346666667;6,936666667;95,46666667;307,3333333;0,711666203
21.02.2017 17:39:58 ;2,433333333;6,936666667;95,4;309;0,719632616
21.02.2017 17:45:05 ;2,516666667;6,936666667;95,13333333;308,3333333;0,709010732
21.02.2017 17:50:08 ;2,603333333;6,936666667;95,26666667;308,6666667;0,716977145
21.02.2017 17:55:15 ;2,686666667;6,936666667;95,03333333;309,6666667;0,792658066
21.02.2017 18:00:18 ;2,773333333;6,936666667;95,3;307,6666667;0,714321674
21.02.2017 18:05:25 ;2,856666667;6,936666667;95,36666667;307,6666667;0,759022101
21.02.2017 18:10:28 ;2,943333333;6,936666667;95,26666667;307,3333333;0,75061311
21.02.2017 18:15:35 ;3,026666667;6,936666667;95,16666667;308,6666667;0,716977145
21.02.2017 18:20:37 ;3,113333333;6,936666667;95,06666667;308,3333333;0,711666203
21.02.2017 18:25:45 ;3,196666667;6,936666667;95;307,6666667;0,719632616
21.02.2017 18:30:49 ;3,283333333;6,936666667;94,93333333;308,3333333;0,75326858
21.02.2017 18:35:56 ;3,366666667;6,936666667;94,83333333;308,6666667;0,719190037
21.02.2017 18:40:59 ;3,453333333;6,933333333;94,86666667;306;0,595268061
21.02.2017 18:46:06 ;3,533333333;6,936666667;95,03333333;306;0,674932189
21.02.2017 18:51:08 ;3,616666667;6,933333333;94,83333333;308;0,599693846
21.02.2017 18:56:15 ;3,703333333;6,936666667;94,96666667;308,6666667;0,554108262
21.02.2017 19:01:19 ;3,786666667;6,933333333;94,7;307,6666667;0,604119631
21.02.2017 19:06:26 ;3,873333333;6,936666667;94,66666667;307,3333333;0,631559497
21.02.2017 19:11:29 ;3,956666667;6,933333333;94,53333333;307;0,675817346
21.02.2017 19:16:36 ;4,043333333;6,933333333;94,53333333;307,3333333;0,755924051
21.02.2017 19:21:39 ;4,126666667;6,936666667;94,83333333;308,3333333;0,717419723
21.02.2017 19:26:46 ;4,213333333;6,93;94,93333333;308,6666667;0,763447886
21.02.2017 19:31:49 ;4,296666667;6,936666667;94,53333333;307;0,716977145
21.02.2017 19:36:56 ;4,383333333;6,933333333;94,53333333;308;0,719632616
21.02.2017 19:41:58 ;4,466666667;6,93;94,63333333;308;0,716977145
21.02.2017 19:47:06 ;4,553333333;6,936666667;94,33333333;307,3333333;0,722288087
21.02.2017 19:52:10 ;4,636666667;6,933333333;94,3;308;0,714321674
21.02.2017 19:57:15 ;4,723333333;6,936666667;94,3;307;0,716977145
21.02.2017 20:02:19 ;4,806666667;6,933333333;94,3;308,6666667;0,719632616
21.02.2017 20:07:26 ;4,893333333;6,936666667;94,4;308;0,716977145
21.02.2017 20:12:29 ;4,973333333;6,933333333;94,26666667;307,6666667;0,802837371
21.02.2017 20:17:35 ;5,063333333;6,933333333;94,16666667;308;0,872322193
21.02.2017 20:22:39 ;5,143333333;6,936666667;94,1;308,3333333;0,875862821
21.02.2017 20:27:46 ;5,23;6,93;94,1;308,3333333;0,836473335
21.02.2017 20:32:49 ;5,313333333;6,93;93,83333333;308,3333333;0,883829233
21.02.2017 20:37:55 ;5,396666667;6,93;93,96666667;308,3333333;0,833375286
21.02.2017 20:42:58 ;5,483333333;6,933333333;93,86666667;308;0,875420242
21.02.2017 20:48:06 ;5,566666667;6,936666667;93,9;307,6666667;0,87896087
21.02.2017 20:53:09 ;5,653333333;6,933333333;93,86666667;307,3333333;0,794428379
21.02.2017 20:58:15 ;5,736666667;6,933333333;93,76666667;308,3333333;0,797969007
21.02.2017 21:03:18 ;5,823333333;6,93;93,6;308,6666667;0,870994457
21.02.2017 21:08:25 ;5,906666667;6,933333333;93,53333333;307,6666667;0,839571385
21.02.2017 21:13:30 ;5,993333333;6,93;93,43333333;307,6666667;0,753711159
21.02.2017 21:18:35 ;6,076666667;6,93;93,5;307,3333333;0,842669434
21.02.2017 21:23:39 ;6,163333333;6,93;93,46666667;308;0,875862821
21.02.2017 21:28:45 ;6,246666667;6,936666667;93,33333333;307;0,833375286
21.02.2017 21:33:48 ;6,333333333;6,93;93,26666667;308;0,838686228
21.02.2017 21:38:55 ;6,416666667;6,93;93,36666667;308;0,795313536
21.02.2017 21:43:58 ;6,503333333;6,93;92,96666667;307;0,841341699
21.02.2017 21:49:05 ;6,583333333;6,93;93,16666667;307;0,794428379
21.02.2017 21:54:09 ;6,67;6,93;92,73333333;307;0,798411586
21.02.2017 21:59:16 ;6,753333333;6,93;92,96666667;306,3333333;0,673604453
21.02.2017 22:04:19 ;6,836666667;6,93;92,96666667;306,3333333;0,716977145
21.02.2017 22:09:26 ;6,923333333;6,93;92,9;306,6666667;0,719632616
21.02.2017 22:14:30 ;7,006666667;6,933333333;92,7;306,6666667;0,711666203
21.02.2017 22:19:36 ;7,093333333;6,93;92,63333333;307,6666667;0,716977145
21.02.2017 22:24:39 ;7,176666667;6,93;92,4;308;0,711666203
21.02.2017 22:29:45 ;7,263333333;6,93;92,43333333;307,3333333;0,716977145
21.02.2017 22:34:48 ;7,346666667;6,93;92,3;307,6666667;0,714321674
21.02.2017 22:39:56 ;7,433333333;6,93;92,1;307,3333333;0,719632616
21.02.2017 22:44:59 ;7,516666667;6,93;92,3;307,3333333;0,716977145
21.02.2017 22:50:06 ;7,603333333;6,93;92;307;0,714321674
21.02.2017 22:55:09 ;7,686666667;6,933333333;91,93333333;307,6666667;0,719632616
21.02.2017 23:00:16 ;7,773333333;6,93;91,83333333;307,3333333;0,714321674
21.02.2017 23:05:18 ;7,853333333;6,93;91,7;308;0,678472817
21.02.2017 23:10:26 ;7,943333333;6,93;91,7;306,6666667;0,672719296
21.02.2017 23:15:29 ;8,023333333;6,93;91,26666667;306;0,758136944
21.02.2017 23:20:35 ;8,113333333;6,93;91,3;306,3333333;0,75326858
21.02.2017 23:25:39 ;8,193333333;6,93;91,3;306,3333333;0,75061311
21.02.2017 23:30:47 ;8,283333333;6,93;91,26666667;307,3333333;0,79708385
21.02.2017 23:35:49 ;8,363333333;6,93;91,06666667;307,3333333;0,836915914
21.02.2017 23:40:57 ;8,45;6,926666667;90,9;307,6666667;0,763890464
21.02.2017 23:46:00 ;8,533333333;6,926666667;90,6;307;0,797526429
21.02.2017 23:51:07 ;8,616666667;6,93;90,23333333;307;0,845767484
21.02.2017 23:56:10 ;8,703333333;6,926666667;90,33333333;308,3333333;0,830277237
22.02.2017 00:01:17 ;8,786666667;6,926666667;90,06666667;307,6666667;0,833375286
22.02.2017 00:06:19 ;8,873333333;6,93;90;308;0,833375286
22.02.2017 00:11:26 ;8,956666667;6,93;89,96666667;308;0,948888271
22.02.2017 00:16:30 ;9,043333333;6,926666667;89,66666667;306,3333333;0,836473335
22.02.2017 00:21:37 ;9,126666667;6,926666667;89,43333333;307,6666667;0,830277237
22.02.2017 00:26:39 ;9,213333333;6,926666667;89,16666667;308,6666667;0,839571385
22.02.2017 00:31:47 ;9,296666667;6,926666667;89,13333333;309,3333333;0,866126094
22.02.2017 00:36:49 ;9,383333333;6,926666667;88,9;308,3333333;0,836473335
22.02.2017 00:41:56 ;9,466666667;6,926666667;88,6;308,3333333;0,833375286
22.02.2017 00:47:00 ;9,553333333;6,923333333;88,53333333;308;0,833375286
22.02.2017 00:52:07 ;9,636666667;6,926666667;88,26666667;308;0,836030757
22.02.2017 00:57:10 ;9,723333333;6,926666667;87,8;307,6666667;0,869224143
22.02.2017 01:02:17 ;9,803333333;6,926666667;87,9;308,3333333;0,719190037
22.02.2017 01:07:20 ;9,886666667;6,926666667;87,13333333;307,3333333;0,755481473
22.02.2017 01:12:26 ;9,973333333;6,926666667;87,33333333;307;0,79708385
22.02.2017 01:17:30 ;10,05666667;6,926666667;86,93333333;307;0,835588179
22.02.2017 01:22:37 ;10,14333333;6,926666667;86,66666667;306,6666667;0,874535085
22.02.2017 01:27:39 ;10,22666667;6,923333333;86,3;306,6666667;0,872322193
22.02.2017 01:32:47 ;10,31333333;6,926666667;86,16666667;306,6666667;0,863028045
22.02.2017 01:37:51 ;10,39666667;6,926666667;85,7;307;0,845767484
22.02.2017 01:42:56 ;10,48333333;6,923333333;85,56666667;306;0,830277237
22.02.2017 01:48:00 ;10,56666667;6,923333333;84,96666667;306,3333333;0,833375286
22.02.2017 01:53:07 ;10,65333333;6,923333333;84,86666667;305,3333333;0,830277237
22.02.2017 01:58:10 ;10,73666667;6,923333333;84,53333333;307;0,875420242
22.02.2017 02:03:17 ;10,82333333;6,92;84,3;307,3333333;0,875420242
22.02.2017 02:08:20 ;10,90666667;6,923333333;84,43333333;306,6666667;0,833375286
22.02.2017 02:13:26 ;10,99333333;6,92;84,2;307;0,877633135
22.02.2017 02:18:30 ;11,07333333;6,923333333;84,16666667;305,3333333;0,867896408
22.02.2017 02:23:37 ;11,16333333;6,923333333;83,93333333;306,3333333;0,872322193
22.02.2017 02:28:40 ;11,24333333;6,92;83,5;305,6666667;0,827179187
22.02.2017 02:33:47 ;11,33333333;6,923333333;83,6;306;0,839571385
22.02.2017 02:38:50 ;11,41333333;6,923333333;83,33333333;306,6666667;0,867896408
22.02.2017 02:43:56 ;11,49666667;6,923333333;82,86666667;306,6666667;0,872322193
22.02.2017 02:48:59 ;11,58333333;6,923333333;82,6;305,6666667;0,875862821
22.02.2017 02:54:07 ;11,66666667;6,923333333;81,93333333;305,6666667;0,827179187
22.02.2017 02:59:11 ;11,75333333;6,923333333;81,3;306,3333333;0,916580041
22.02.2017 03:04:17 ;11,83666667;6,923333333;81,06666667;306,6666667;0,827179187
22.02.2017 03:09:20 ;11,92333333;6,923333333;80,26666667;306,3333333;0,836473335
22.02.2017 03:14:26 ;12,00666667;6,923333333;79,9;306,3333333;0,906843314
22.02.2017 03:19:29 ;12,09333333;6,923333333;78,96666667;305,6666667;0,918350355
22.02.2017 03:24:37 ;12,17666667;6,923333333;78,7;305,6666667;0,869666722
22.02.2017 03:29:39 ;12,26333333;6,923333333;77,86666667;306;0,948888271
22.02.2017 03:34:47 ;12,34666667;6,923333333;77,46666667;305,3333333;0,874092507
22.02.2017 03:39:51 ;12,43333333;6,923333333;77,13333333;306,3333333;0,993588697
22.02.2017 03:44:57 ;12,51666667;6,923333333;77,13333333;305,6666667;1,036076232
22.02.2017 03:49:59 ;12,60333333;6,923333333;76,3;307;1,028552398
22.02.2017 03:55:07 ;12,68666667;6,923333333;76,5;306,6666667;0,996686747
22.02.2017 04:00:10 ;12,77333333;6,923333333;75,4;307;0,874535085
22.02.2017 04:05:17 ;12,85333333;6,923333333;74,46666667;305;1,03651881
22.02.2017 04:10:21 ;12,93666667;6,926666667;74,2;307;0,953756634
22.02.2017 04:15:27 ;13,02333333;6,92;73,4;306,6666667;0,991818383
22.02.2017 04:20:29 ;13,10666667;6,923333333;72,8;306,3333333;0,996686747
22.02.2017 04:25:37 ;13,19333333;6,923333333;72,3;305,6666667;0,990933227
22.02.2017 04:30:40 ;13,27666667;6,923333333;71;306;1,034305918
22.02.2017 04:35:47 ;13,36333333;6,923333333;70,93333333;306,3333333;1,067499304
22.02.2017 04:40:50 ;13,44666667;6,923333333;69,83333333;305,3333333;1,036076232
22.02.2017 04:45:57 ;13,53333333;6,923333333;69,16666667;304,3333333;1,111757153
22.02.2017 04:51:00 ;13,61666667;6,923333333;68,86666667;306;1,024126613
22.02.2017 04:56:08 ;13,70333333;6,923333333;67,66666667;305;1,025896927
22.02.2017 05:01:10 ;13,78666667;6,923333333;67,53333333;306;1,108216525
22.02.2017 05:06:18 ;13,87333333;6,923333333;66,8;305;1,155572423
22.02.2017 05:11:21 ;13,95666667;6,923333333;66;307;1,142737647
22.02.2017 05:16:28 ;14,04333333;6,923333333;65;306;1,067056726
22.02.2017 05:21:30 ;14,12333333;6,926666667;64,6;305;1,183897446
22.02.2017 05:26:37 ;14,21333333;6,926666667;63,9;305,6666667;1,186110338
22.02.2017 05:31:41 ;14,29333333;6,926666667;62,7;306,6666667;1,275068613
22.02.2017 05:36:48 ;14,38333333;6,926666667;61,93333333;305,3333333;1,299853009
22.02.2017 05:41:51 ;14,46333333;6,926666667;61,43333333;305;1,275068613
22.02.2017 05:46:58 ;14,55333333;6,923333333;60,56666667;306,3333333;1,338357337
22.02.2017 05:52:01 ;14,63333333;6,926666667;59,6;305,6666667;1,314458099
22.02.2017 05:57:08 ;14,71666667;6,926666667;59,63333333;306,3333333;1,384385499
22.02.2017 06:02:10 ;14,80333333;6,926666667;57,6;305,3333333;1,436167182
22.02.2017 06:07:17 ;14,88666667;6,926666667;56,53333333;306;1,389253862
22.02.2017 06:12:21 ;14,97333333;6,926666667;55,13333333;305,6666667;1,349864377
22.02.2017 06:17:28 ;15,05666667;6,926666667;54,4;314;1,394564804
22.02.2017 06:22:31 ;15,14333333;6,933333333;54,2;311;1,510077789
22.02.2017 06:27:38 ;15,22666667;6,933333333;53,56666667;313,3333333;1,514060995
22.02.2017 06:32:41 ;15,31333333;6,933333333;52,6;320;1,623377881
22.02.2017 06:37:48 ;15,39666667;6,936666667;52,03333333;320;1,591069651
22.02.2017 06:42:51 ;15,48333333;6,936666667;51,43333333;332,3333333;1,537960233
22.02.2017 06:47:58 ;15,56666667;6,936666667;51,33333333;327,3333333;1,630016558
22.02.2017 06:53:02 ;15,65333333;6,94;51,53333333;336,3333333;1,627361087
22.02.2017 06:58:08 ;15,73666667;6,94;51;331,6666667;1,72871156
22.02.2017 07:03:12 ;15,82333333;6,943333333;50,03333333;346;1,788017077
22.02.2017 07:08:17 ;15,90333333;6,943333333;50,53333333;339,3333333;1,884941765
22.02.2017 07:13:21 ;15,98666667;6,943333333;49,36666667;355,3333333;1,819882728
22.02.2017 07:18:28 ;16,07333333;6,946666667;49,16666667;379,6666667;1,978325825
22.02.2017 07:23:31 ;16,15666667;6,95;49,23333333;374,6666667;1,977440668
22.02.2017 07:28:37 ;16,24333333;6,953333333;49,13333333;360;2,010634055
22.02.2017 07:33:40 ;16,32666667;6,956666667;51,1;376,3333333;2,173060358
22.02.2017 07:38:48 ;16,41333333;6,956666667;50,3;397;2,27175536
22.02.2017 07:43:52 ;16,49666667;6,963333333;49,53333333;406;2,248741279
22.02.2017 07:48:58 ;16,58333333;6,966666667;49,46666667;407,3333333;2,30406359
22.02.2017 07:54:01 ;16,66666667;6,966666667;49,56666667;407;2,3244222
22.02.2017 07:59:07 ;16,75333333;6,973333333;49,8;433,6666667;2,319996415
22.02.2017 08:04:10 ;16,83666667;6,976666667;49,26666667;434;2,530168451
22.02.2017 08:09:18 ;16,92333333;6,976666667;49,16666667;492,3333333;2,60917384
22.02.2017 08:14:21 ;17,00666667;6,986666667;48,93333333;490,3333333;
22.02.2017 08:19:37 ;17,09333333;6,993333333;48,26666667;476,6666667;3,398772365
22.02.2017 08:24:45 ;17,17666667;7,003333333;50,3;424,3333333;3,104910622
22.02.2017 08:29:57 ;17,26666667;7,006666667;50,06666667;471;3,069795079
22.02.2017 08:35:10 ;17,35333333;7,01;53,96666667;464,6666667;2,975391795
22.02.2017 08:40:23 ;17,44333333;7,016666667;50,5;475,6666667;3,330162974
22.02.2017 08:45:38 ;17,52666667;7,02;50,53333333;488;3,348949838
22.02.2017 08:50:46 ;17,61333333;7,02;49,1;502,6666667;3,613418368
22.02.2017 08:56:01 ;17,70333333;7,023333333;49,33333333;517,6666667;3,641622705
22.02.2017 09:01:16 ;17,78666667;7,033333333;50,83333333;523;4,243862381
22.02.2017 09:06:25 ;17,87333333;7,033333333;49,8;524;3,76458055
22.02.2017 09:11:37 ;17,96333333;7,046666667;50,36666667;515,6666667;3,844647608
22.02.2017 09:16:53 ;18,04666667;7,05;53,23333333;499,6666667;3,858143609
22.02.2017 09:22:02 ;18,13333333;7,04;49,66666667;564,6666667;3,977608315
22.02.2017 09:27:14 ;18,22333333;7,036666667;50,83333333;533,3333333;4,021887487
22.02.2017 09:32:29 ;18,30666667;7,036666667;49,83333333;565;4,095608129
22.02.2017 09:37:42 ;18,39333333;7,043333333;49,23333333;583,6666667;4,247662596
22.02.2017 09:42:51 ;18,48333333;7,016666667;51,16666667;552;4,222648872
22.02.2017 09:48:03 ;18,56666667;7,006666667;50,56666667;559;4,455752046
22.02.2017 09:53:19 ;18,65666667;7,003333333;52,1;541,6666667;4,542125152
22.02.2017 09:58:27 ;18,74333333;7,003333333;49,73333333;617;4,696870708
22.02.2017 10:03:42 ;18,82666667;7,006666667;50,26666667;623;5,170069119
22.02.2017 10:08:54 ;18,91333333;7,003333333;52;586,6666667;5,110586969
22.02.2017 10:14:10 ;19,00333333;7,003333333;49,36666667;641,3333333;5,042391296
22.02.2017 10:19:24 ;19,09333333;7,003333333;49,63333333;649,3333333;5,105295495
22.02.2017 10:24:33 ;19,17666667;7,003333333;49,96666667;649;5,230553653
22.02.2017 10:29:45 ;19,26333333;7;51,76666667;611,3333333;5,387862871
22.02.2017 10:35:00 ;19,35333333;7,003333333;48,96666667;688,3333333;5,469526806
22.02.2017 10:40:11 ;19,43666667;7,003333333;49,9;694;5,409134457
22.02.2017 10:45:23 ;19,52333333;7,003333333;49,63333333;702,3333333;5,594807359
22.02.2017 10:50:38 ;19,61333333;7,003333333;49,2;726,3333333;5,61274075
22.02.2017 10:55:47 ;19,69666667;7,003333333;48,83333333;748;5,694849014
22.02.2017 11:01:00 ;19,78333333;7,003333333;48,86666667;759,3333333;5,773266454
22.02.2017 11:06:11 ;19,87333333;7,003333333;50,4;757,3333333;5,836082532
22.02.2017 11:11:26 ;19,95666667;7;49,13333333;785;5,899834624
22.02.2017 11:16:38 ;20,04333333;7;50,1;802,6666667;6,035484122
22.02.2017 11:21:49 ;20,13333333;7;50;819,3333333;6,150483471
22.02.2017 11:27:01 ;20,21666667;7,003333333;48,75;610;5,423388934
22.02.2017 11:32:14 ;20,30333333;6,996666667;49,3;627,3333333;5,54394103
22.02.2017 11:37:29 ;20,39333333;7;48,83333333;612,6666667;5,739992136
22.02.2017 11:42:38 ;20,47666667;7;49,33333333;622;6,024406016
22.02.2017 11:47:52 ;20,56333333;7,003333333;50,16666667;625;6,33121242
22.02.2017 11:53:06 ;20,65333333;7,006666667;49,96666667;629;6,359158112
22.02.2017 11:58:14 ;20,73666667;7,01;49,56666667;645;6,592663959
22.02.2017 12:03:25 ;20,82333333;7,006666667;49,8;641,6666667;6,908442757
22.02.2017 12:08:44 ;20,91333333;7,006666667;49,7;651,3333333;7,013946597
22.02.2017 12:13:56 ;20,99666667;7;49,53333333;675,6666667;7,251476995
22.02.2017 12:19:04 ;21,08333333;7;49,23333333;674,6666667;7,304710317
22.02.2017 12:24:16 ;21,17333333;7;50,56666667;667;7,380019379
22.02.2017 12:29:33 ;21,26;7;49,56666667;673,3333333;7,694076413
22.02.2017 12:34:41 ;21,34333333;7,003333333;50,13333333;680;7,777766937
22.02.2017 12:39:55 ;21,43333333;7,003333333;50;676,6666667;8,150155497
22.02.2017 12:45:03 ;21,51666667;7;50,2;685;8,425380044
22.02.2017 12:50:15 ;21,60333333;7,003333333;49,96666667;694,3333333;8,585782674
22.02.2017 12:55:30 ;21,69333333;7;49,7;696,3333333;8,695502897
22.02.2017 13:00:39 ;21,77666667;7,003333333;49,66666667;700,3333333;8,919224966
22.02.2017 13:05:51 ;21,86333333;7;50,4;692,6666667;9,512290691
22.02.2017 13:11:09 ;21,95333333;7,003333333;49,86666667;708,6666667;9,144450885
22.02.2017 13:16:19 ;22,03666667;7;49,9;710,3333333;9,243852925
22.02.2017 13:21:31 ;22,12666667;7,003333333;50,26666667;706;9,417774401
22.02.2017 13:26:41 ;22,21333333;7,003333333;50,03333333;711;9,670403034
22.02.2017 13:31:57 ;22,29666667;7,003333333;49,76666667;723,3333333;9,544750952
22.02.2017 13:37:09 ;22,38666667;7,003333333;49,76666667;728;9,799125779
22.02.2017 13:42:19 ;22,47333333;6,996666667;50,3;723,3333333;9,797238825
22.02.2017 13:47:31 ;22,55666667;7;50,16666667;729;10,03427002
22.02.2017 13:52:46 ;22,64666667;7;49,7;741,3333333;10,25572963
22.02.2017 13:58:01 ;22,73333333;7,003333333;49,86666667;746;10,41866006
22.02.2017 14:03:09 ;22,81666667;7;49,93333333;746;10,63436883
22.02.2017 14:08:21 ;22,90666667;7,003333333;49,2;765,6666667;11,07500794
22.02.2017 14:13:35 ;22,99333333;7,003333333;50,63333333;762,3333333;10,89696579
22.02.2017 14:18:47 ;23,08333333;7,003333333;50;758;11,00863525
22.02.2017 14:24:00 ;23,16666667;7,003333333;49,6;763,3333333;11,22189704
22.02.2017 14:29:18 ;23,25333333;6,79;49,73333333;763,3333333;11,52096924
22.02.2017 14:34:30 ;23,34333333;7,01;49,96666667;768,6666667;11,51687802
22.02.2017 14:39:38 ;23,42666667;7,01;50,23333333;761,6666667;11,64232159
22.02.2017 14:44:50 ;23,51333333;7,003333333;49,76666667;772,6666667;11,81656925
22.02.2017 14:50:04 ;23,60333333;7,003333333;49,53333333;781;12,02301151
22.02.2017 14:55:16 ;23,68666667;7;49,96666667;784,6666667;12,1820621
22.02.2017 15:00:31 ;23,77666667;7;49,9;780,6666667;12,40399194
22.02.2017 15:05:40 ;23,86333333;7,003333333;49,7;788,6666667;12,43918313
22.02.2017 15:10:53 ;23,94666667;6,996666667;49,93333333;795;12,52516202
22.02.2017 15:16:08 ;24,03666667;7,003333333;50;801;12,81951509
22.02.2017 15:21:16 ;24,12333333;7;50,16666667;797,3333333;13,07543699
22.02.2017 15:26:29 ;24,20666667;7,003333333;49,7;806,6666667;13,03768574
22.02.2017 15:31:43 ;24,29666667;7,003333333;49,73333333;813,6666667;13,36930133
22.02.2017 15:36:55 ;24,38333333;7,003333333;49,8;821;13,40157997
22.02.2017 15:42:06 ;24,46666667;7;49,7;818,3333333;13,63659532
22.02.2017 15:47:21 ;24,55666667;7;49,66666667;821,3333333;13,79327405
22.02.2017 15:52:33 ;24,64333333;7,003333333;49,76666667;826,6666667;13,93819478
22.02.2017 15:57:43 ;24,72666667;7;50,13333333;826,6666667;14,12952579
22.02.2017 16:02:54 ;24,81666667;7,003333333;50,1;831;14,49124986
22.02.2017 16:08:10 ;24,90333333;7,003333333;50,63333333;850;15,02543763
22.02.2017 16:13:22 ;24,99;7,006666667;49,86666667;851,3333333;14,12874204
22.02.2017 16:18:37 ;25,07666667;7;50,43333333;821;14,8553614
22.02.2017 16:23:46 ;25,16333333;7;50,16666667;830,3333333;14,91960666
22.02.2017 16:28:59 ;25,25333333;7;49,86666667;840,3333333;14,95427984
22.02.2017 16:34:13 ;25,33666667;7,003333333;49,93333333;842,6666667;15,16262592
22.02.2017 16:39:21 ;25,42333333;7,003333333;50,06666667;841;15,23345071
22.02.2017 16:44:32 ;25,50666667;7,003333333;49,83333333;842;15,3998739
22.02.2017 16:49:50 ;25,59666667;7,003333333;49,6;846,3333333;15,35514586
22.02.2017 16:54:59 ;25,68333333;7,006666667;49,9;848;15,42541557
22.02.2017 17:00:11 ;25,77333333;7;49,9;844,3333333;15,80384297
22.02.2017 17:05:22 ;25,85666667;7;50,46666667;874;
22.02.2017 17:10:37 ;25,94333333;7;49,86666667;852;15,81022015
22.02.2017 17:15:50 ;26,03333333;7,003333333;50,3;848,6666667;15,88014117
22.02.2017 17:21:00 ;26,11666667;7,006666667;49,76666667;852,3333333;16,2000761
22.02.2017 17:26:12 ;26,20333333;7;49,76666667;857;16,33293705
22.02.2017 17:31:25 ;26,29333333;7;49,8;864;16,42401848
22.02.2017 17:36:39 ;26,37666667;7,003333333;49,93333333;863,6666667;16,75181842
22.02.2017 17:41:50 ;26,46333333;7;50,33333333;856;16,85827847
22.02.2017 17:47:03 ;26,55333333;7,003333333;49,83333333;870,6666667;16,84860373
22.02.2017 17:52:18 ;26,63666667;7;49,73333333;873,3333333;16,97744645
22.02.2017 17:57:26 ;26,72333333;7,003333333;49,96666667;875;16,99443595
22.02.2017 18:02:39 ;26,81333333;7;50,1;877;17,30590292
22.02.2017 18:07:53 ;26,89666667;7,003333333;49,86666667;894;17,53928493
22.02.2017 18:13:05 ;26,98333333;7;49,9;876,6666667;17,59333684
22.02.2017 18:18:17 ;27,07333333;7;50,03333333;873,6666667;17,62549031
22.02.2017 18:23:29 ;27,15666667;7,006666667;49,7;879,3333333;17,75618171
22.02.2017 18:28:44 ;27,24666667;6,996666667;49,66666667;885,3333333;17,90271271
22.02.2017 18:33:54 ;27,33333333;7;49,9;889;17,94422442
22.02.2017 18:39:05 ;27,41666667;7,006666667;50,43333333;884;17,90077726
22.02.2017 18:44:18 ;27,50666667;6,983333333;50,03333333;890,3333333;18,34479957
22.02.2017 18:49:32 ;27,59333333;7,01;49,76666667;902,3333333;18,43992838
22.02.2017 18:54:46 ;27,68;7,003333333;50,13333333;901;18,70204814
22.02.2017 18:59:55 ;27,76666667;7,006666667;49,96666667;902,6666667;18,8761991
22.02.2017 19:05:08 ;27,85333333;7,003333333;49,66666667;904,6666667;18,86328522
22.02.2017 19:10:23 ;27,94333333;7;49,66666667;908;18,98251448
22.02.2017 19:15:32 ;28,02666667;7,003333333;49,96666667;907,6666667;19,01362019
22.02.2017 19:20:43 ;28,11333333;6,996666667;49,86666667;904;19,12122653
22.02.2017 19:26:00 ;28,20333333;7;49,76666667;911,3333333;19,23495092
22.02.2017 19:31:09 ;28,28666667;7,003333333;49,73333333;914;19,26552405
22.02.2017 19:36:21 ;28,37333333;7,003333333;50,03333333;914,3333333;19,31689355
22.02.2017 19:41:32 ;28,45666667;7;50,2;912,6666667;19,60539444
22.02.2017 19:46:47 ;28,54666667;7,003333333;49,93333333;912;19,60388855
22.02.2017 19:51:55 ;28,63333333;6,996666667;49,66666667;921;19,65570996
22.02.2017 19:57:07 ;28,71666667;7;49,8;926,6666667;19,81623267
22.02.2017 20:02:18 ;28,80333333;7,003333333;49,86666667;925,6666667;20,32254934
22.02.2017 20:07:34 ;28,89333333;7,003333333;49,83333333;926,3333333;20,34436638
22.02.2017 20:12:49 ;28,98333333;7,006666667;49,3;950,6666667;20,51648369
22.02.2017 20:18:01 ;29,06666667;7;50,03333333;947,3333333;20,57746572
22.02.2017 20:23:12 ;29,15333333;6,996666667;49,8;921,6666667;20,43070805
22.02.2017 20:28:26 ;29,24333333;7,003333333;49,73333333;925,6666667;20,6344338
22.02.2017 20:33:35 ;29,32666667;7,003333333;49,8;927;20,71164244
22.02.2017 20:38:48 ;29,41333333;6,996666667;50,16666667;921,6666667;20,99095912
22.02.2017 20:44:02 ;29,50333333;6,996666667;50,3;916,3333333;21,13081569
22.02.2017 20:49:15 ;29,58666667;7;49,86666667;925;21,2321924
22.02.2017 20:54:24 ;29,67333333;7;49,9;928,6666667;21,5533422
22.02.2017 20:59:35 ;29,76333333;6,996666667;50;930,6666667;21,5632969
22.02.2017 21:04:50 ;29,84666667;7,003333333;50,43333333;920,6666667;21,47437365
22.02.2017 21:10:00 ;29,93333333;7;49,7;926,3333333;21,73729945
22.02.2017 21:15:12 ;30,02333333;7,01;49,8;925;21,83793374
22.02.2017 21:20:24 ;30,10666667;7,006666667;49,96666667;923,6666667;21,99728756
22.02.2017 21:25:40 ;30,19333333;7,003333333;49,8;921,3333333;21,87177552
22.02.2017 21:30:54 ;30,28333333;6,996666667;49,66666667;923,6666667;21,98370395
22.02.2017 21:36:02 ;30,36666667;7;49,73333333;924,6666667;22,06620983
22.02.2017 21:41:14 ;30,45333333;7;50,33333333;913;21,97260164
22.02.2017 21:46:28 ;30,54333333;7;49,9;913,6666667;22,17680281
22.02.2017 21:51:36 ;30,62666667;7,01;49,8;917,3333333;22,32623535
22.02.2017 21:56:48 ;30,71333333;6,996666667;49,86666667;919;22,30686985
22.02.2017 22:02:03 ;30,80333333;7,003333333;50,06666667;920,6666667;23,01309973
22.02.2017 22:07:14 ;30,88666667;7;49,73333333;932,3333333;23,66086534
22.02.2017 22:12:25 ;30,97333333;7,003333333;49,93333333;916,6666667;22,77067472
22.02.2017 22:17:37 ;31,06333333;7,003333333;49,9;916,3333333;22,82749163
22.02.2017 22:22:49 ;31,14666667;7,003333333;50,03333333;915,6666667;23,08672734
22.02.2017 22:28:01 ;31,23333333;7,006666667;49,83333333;912,6666667;23,43287958
22.02.2017 22:33:15 ;31,32333333;6,996666667;49,63333333;913,6666667;23,35346199
22.02.2017 22:38:23 ;31,40666667;7,003333333;49,8;909,3333333;23,33285213
22.02.2017 22:43:36 ;31,49333333;7,003333333;50,26666667;900,3333333;23,38714397
22.02.2017 22:48:51 ;31,58333333;7,003333333;49,8;904,3333333;23,64879527
22.02.2017 22:54:00 ;31,66666667;7,003333333;50;905,3333333;23,45567371
22.02.2017 22:59:12 ;31,75333333;6,993333333;49,9;910,3333333;23,77051649
22.02.2017 23:04:28 ;31,84333333;7,006666667;50;909,3333333;23,88402793
22.02.2017 23:09:37 ;31,92666667;6,996666667;50,23333333;901,6666667;23,84226279
22.02.2017 23:14:50 ;32,01333333;7;49,76666667;910;24,24233995
22.02.2017 23:20:05 ;32,10333333;7;49,73333333;916;24,14188195
22.02.2017 23:25:17 ;32,18666667;6,996666667;49,86666667;914,3333333;24,14564033
22.02.2017 23:30:25 ;32,27333333;7;49,76666667;908,3333333;24,26760387
22.02.2017 23:35:39 ;32,36333333;6,993333333;49,66666667;923;23,89912378
22.02.2017 23:40:51 ;32,44666667;7;49,96666667;923,6666667;24,27598564
22.02.2017 23:46:02 ;32,53333333;7,003333333;50,43333333;918,3333333;24,61028563
22.02.2017 23:51:17 ;32,62333333;7;49,8;921;24,6967736
22.02.2017 23:56:29 ;32,70666667;7,006666667;49,76666667;925,3333333;24,77483512
23.02.2017 00:01:41 ;32,79333333;7,003333333;50,06666667;926;25,28511425
23.02.2017 00:06:56 ;32,88333333;6,996666667;49,43333333;948,6666667;25,33580054
23.02.2017 00:12:04 ;32,96666667;7,003333333;49,73333333;948,3333333;26,29054669
23.02.2017 00:17:15 ;33,05333333;7;50,26666667;939;24,76374537
23.02.2017 00:22:34 ;33,14333333;7;49,8;943;25,35204097
23.02.2017 00:27:46 ;33,23;6,996666667;50,16666667;937,3333333;25,57509862
23.02.2017 00:32:54 ;33,31333333;7,003333333;49,86666667;951,6666667;25,85618986
23.02.2017 00:38:06 ;33,40333333;7,003333333;49,73333333;956,6666667;26,07136908
23.02.2017 00:43:22 ;33,49;7,006666667;49,76666667;961;26,25420527
23.02.2017 00:48:34 ;33,57666667;7,01;49,83333333;963,6666667;26,20471391
23.02.2017 00:53:49 ;33,66333333;7;49,66666667;968;26,42141077
23.02.2017 00:58:57 ;33,75;6,993333333;49,26666667;981,3333333;26,70627421
23.02.2017 01:04:11 ;33,83666667;7;50,3;967;26,95221124
23.02.2017 01:09:26 ;33,92333333;7,003333333;49,93333333;978,6666667;26,73266922
23.02.2017 01:14:34 ;34,01;7,006666667;49,76666667;980,6666667;26,78923655
23.02.2017 01:19:45 ;34,09666667;7;49,96666667;991,3333333;26,79993766
23.02.2017 01:25:04 ;34,18333333;7,006666667;50,23333333;984,6666667;26,96646808
23.02.2017 01:30:15 ;34,27333333;7,006666667;49,83333333;995,6666667;26,88329818
23.02.2017 01:35:28 ;34,35666667;7,013333333;49,96666667;1001,333333;27,17749343
23.02.2017 01:40:39 ;34,44333333;7,006666667;50,06666667;1004,333333;27,15637543
23.02.2017 01:45:53 ;34,53333333;7,003333333;49,9;1005,333333;27,02642036
23.02.2017 01:51:03 ;34,61666667;7,006666667;49,8;1014,333333;27,13557248
23.02.2017 01:56:17 ;34,70333333;7,006666667;49,7;1018,333333;27,38788629
23.02.2017 02:01:28 ;34,79333333;7,003333333;50,26666667;1011,666667;27,50247894
23.02.2017 02:06:39 ;34,87666667;7,01;50,6;1013,333333;27,52484359
23.02.2017 02:11:54 ;34,96333333;7,003333333;50,53333333;1017,333333;27,30666372
23.02.2017 02:17:05 ;35,05333333;6,996666667;49,76666667;1010,666667;26,88587714
23.02.2017 02:22:17 ;35,13666667;7,006666667;49,8;1001,333333;26,45270193
23.02.2017 02:27:31 ;35,22666667;6,986666667;49,86666667;1002,333333;26,55771927
23.02.2017 02:32:44 ;35,31333333;7,013333333;49,73333333;1004,333333;26,44213132
23.02.2017 02:37:56 ;35,39666667;7,003333333;50,43333333;989;26,20852423
23.02.2017 02:43:10 ;35,48666667;7,01;50,33333333;990,6666667;25,66129043
23.02.2017 02:48:21 ;35,57333333;6,996666667;49,83333333;999,6666667;25,72595718
23.02.2017 02:53:33 ;35,66;7;49,96666667;1005;25,73677367
23.02.2017 02:58:48 ;35,74666667;7;50,33333333;995,3333333;25,77114708
23.02.2017 03:04:05 ;35,83333333;7,006666667;49,83333333;1004;25,70316521
23.02.2017 03:09:14 ;35,92333333;7,013333333;49,83333333;1002;26,14665811
23.02.2017 03:14:28 ;36,00666667;7,003333333;49,93333333;1000,333333;25,94553933
23.02.2017 03:19:36 ;36,09333333;7;50,3;997;25,69525723
23.02.2017 03:24:51 ;36,18333333;7;49,76666667;999;25,88340652
23.02.2017 03:30:06 ;36,26666667;7;49,86666667;1004;25,62903719
23.02.2017 03:35:14 ;36,35333333;7;49,86666667;1006,666667;25,62147853
23.02.2017 03:40:27 ;36,44333333;7,006666667;49,93333333;1002;25,56763302
23.02.2017 03:45:41 ;36,52666667;7,006666667;49,7;1003;25,78586937
23.02.2017 03:50:53 ;36,61333333;6,996666667;49,86666667;1006;25,74007105
23.02.2017 03:56:06 ;36,70333333;7,003333333;50,03333333;1000,333333;25,49472698
23.02.2017 04:01:16 ;36,78666667;7;49,76666667;1010,666667;26,20788877
23.02.2017 04:06:32 ;36,87666667;7;49,73333333;1014;26,0575701
23.02.2017 04:11:41 ;36,96333333;7,006666667;49,3;1034,333333;26,09779944
23.02.2017 04:16:53 ;37,04666667;7,01;50,2;1031;26,22434261
23.02.2017 04:22:05 ;37,13333333;6,996666667;49,83333333;1027,666667;25,51275472
23.02.2017 04:27:17 ;37,22333333;6,993333333;49,73333333;1013,333333;25,60812714
23.02.2017 04:32:31 ;37,30666667;6,996666667;49,9;1014,666667;25,59347171
23.02.2017 04:37:44 ;37,39666667;7;50,23333333;1007,666667;25,63393076
23.02.2017 04:42:55 ;37,48333333;6,996666667;49,73333333;1015;25,81199384
23.02.2017 04:48:10 ;37,57333333;6,996666667;49,73333333;1022,666667;25,75931703
23.02.2017 04:53:21 ;37,65666667;7,006666667;49,93333333;1023,333333;25,6033327
23.02.2017 04:58:33 ;37,74333333;7,006666667;49,9;1016;25,73844915
23.02.2017 05:03:47 ;37,83333333;7;49,86666667;1020,666667;25,94146825
23.02.2017 05:08:56 ;37,91666667;7;49,03333333;1039;25,92547078
23.02.2017 05:14:09 ;38,00333333;7;50,13333333;1024,333333;26,07206246
23.02.2017 05:19:20 ;38,08666667;7,003333333;50,23333333;1020,666667;25,64330644
23.02.2017 05:24:36 ;38,17666667;7,01;49,93333333;1018;25,53451689
23.02.2017 05:29:44 ;38,26333333;7,006666667;49,73333333;1026,666667;25,39084559
23.02.2017 05:34:59 ;38,35333333;6,993333333;49,7;1028;25,38097045
23.02.2017 05:40:14 ;38,43666667;7,01;50,53333333;1019;25,47325488
23.02.2017 05:45:27 ;38,52333333;6,99;49,7;1026,666667;25,32319597
23.02.2017 05:50:41 ;38,61333333;6,996666667;49,8;1031;25,50698263
23.02.2017 05:55:50 ;38,69666667;7,01;49,9;1030,333333;25,45391944
23.02.2017 06:01:04 ;38,78333333;7,003333333;49,83333333;1028,666667;25,84890182
23.02.2017 06:06:20 ;38,87333333;6,98;49,83333333;1060;25,99048231
23.02.2017 06:11:28 ;38,95666667;6,996666667;50,26666667;1035,666667;26,08977313
23.02.2017 06:16:40 ;39,04333333;7,006666667;50,06666667;1028;25,68648139
23.02.2017 06:21:54 ;39,13333333;7;49,9;1027;25,82386862
23.02.2017 06:27:05 ;39,21666667;6,986666667;49,93333333;1029,666667;25,76391009
23.02.2017 06:32:13 ;39,30333333;6,993333333;50,06666667;1027;25,4713016
23.02.2017 06:37:26 ;39,39333333;6,996666667;50,3;1013,666667;25,64697048
23.02.2017 06:42:42 ;39,47666667;6,996666667;49,86666667;1018;25,58955893
23.02.2017 06:47:50 ;39,56333333;7,016666667;49,8;1025;25,81427476
23.02.2017 06:53:05 ;39,65333333;7;50,03333333;1022,333333;25,76004196
23.02.2017 06:58:14 ;39,73666667;7;50,33333333;1020,666667;25,75431741
23.02.2017 07:03:28 ;39,82333333;6,993333333;49,73333333;1024,666667;25,79455881
23.02.2017 07:08:43 ;39,91333333;6,993333333;49,83333333;1027,666667;25,45162548
23.02.2017 07:13:53 ;39,99666667;7,01;49,86666667;1022,333333;25,44242788
23.02.2017 07:19:05 ;40,08333333;6,993333333;49,9;1016,666667;25,2000508
23.02.2017 07:24:19 ;40,17333333;7,01;49,66666667;1019,666667;25,52008837
23.02.2017 07:29:28 ;40,25666667;7,003333333;49,76666667;1018;25,37407534
23.02.2017 07:34:40 ;40,34333333;6,996666667;50,56666667;1004,666667;25,45560673
23.02.2017 07:39:53 ;40,43333333;7,003333333;49,86666667;1010;25,29571841
23.02.2017 07:45:09 ;40,52;7,003333333;49,76666667;1011,333333;25,38494535
23.02.2017 07:50:18 ;40,60333333;7,003333333;49,96666667;1010,666667;25,51716947
23.02.2017 07:55:29 ;40,69333333;6,993333333;50,43333333;998;25,27556458
23.02.2017 08:00:40 ;40,77666667;7,003333333;50,13333333;994,3333333;25,53274115
23.02.2017 08:05:56 ;40,86666667;7,006666667;49,93333333;1028,666667;25,61549029
23.02.2017 08:11:10 ;40,95333333;7,003333333;49,8;1023;25,13599837
23.02.2017 08:16:18 ;41,03666667;6,993333333;50,6;998;25,21389853
23.02.2017 08:21:30 ;41,12333333;7;49,76666667;999,3333333;25,25478416
23.02.2017 08:26:45 ;41,21333333;7;49,7;1002,333333;25,3488387
23.02.2017 08:31:56 ;41,29666667;7;49,9;1001;25,42783458
23.02.2017 08:37:09 ;41,38666667;6,996666667;49,86666667;995;25,2814706
23.02.2017 08:42:24 ;41,47333333;6,996666667;49,7;998;25,4609874
23.02.2017 08:47:36 ;41,56333333;7;49,7;998;25,35552474
23.02.2017 08:52:44 ;41,64666667;6,996666667;50,36666667;991,3333333;24,82914209
23.02.2017 08:57:58 ;41,73333333;7,003333333;49,83333333;990,3333333;25,09155675
23.02.2017 09:03:10 ;41,82;7,003333333;49,7;988,3333333;25,68485309
23.02.2017 09:08:23 ;41,90666667;6,986666667;49,86666667;992,3333333;25,82663327
23.02.2017 09:13:38 ;41,99333333;7,01;50,4;975,3333333;25,47582611
23.02.2017 09:18:46 ;42,08;6,996666667;50,13333333;983,3333333;25,80831051
23.02.2017 09:23:59 ;42,16666667;7,013333333;49,8;1000,666667;25,7542776
23.02.2017 09:29:13 ;42,25333333;7,006666667;49,83333333;995,3333333;25,64759647
23.02.2017 09:34:24 ;42,34333333;7,01;50,26666667;991,6666667;25,54860478
23.02.2017 09:39:36 ;42,42666667;7,003333333;49,56666667;1001,333333;25,45330353
23.02.2017 09:44:50 ;42,51333333;7;49,66666667;999,6666667;25,62657502
23.02.2017 09:50:00 ;42,60333333;7,006666667;49,86666667;1002;25,71186195
23.02.2017 09:55:11 ;42,68666667;6,996666667;49,76666667;908;25,45244245
23.02.2017 10:00:26 ;42,77333333;7,003333333;49,85;915,6666667;24,57858217
23.02.2017 10:05:42 ;42,86333333;7,003333333;49,75;918,6666667;24,63626363
23.02.2017 10:10:50 ;42,94666667;7,006666667;49,3;924,3333333;24,64781285
23.02.2017 10:16:01 ;43,03333333;6,996666667;50,05;908,6666667;24,42913806
23.02.2017 10:21:14 ;43,12333333;7,006666667;50,15;906,6666667;24,03886684
23.02.2017 10:26:29 ;43,20666667;7,003333333;49,85;909,3333333;24,04871097
23.02.2017 10:31:44 ;43,29666667;7;50,15;903,6666667;24,25139917
23.02.2017 10:36:53 ;43,38333333;6,99;49,8;904;24,29578962
23.02.2017 10:42:04 ;43,46666667;7,01;49,65;909;24,11631186
23.02.2017 10:47:18 ;43,55333333;6,99;49,8;909,3333333;24,22424613
23.02.2017 10:52:30 ;43,64333333;6,996666667;50,1;907;24,11076629
23.02.2017 10:57:41 ;43,72666667;6,98;50;906,6666667;23,58664296
23.02.2017 11:02:58 ;43,81666667;7,006666667;49,75;894,6666667;23,955618
23.02.2017 11:08:10 ;43,90333333;7,01;50;890,3333333;24,50487903
23.02.2017 11:13:20 ;43,98666667;7,01;50,06666667;883;23,69999551
23.02.2017 11:18:31 ;44,07666667;7,003333333;49,9;888;23,8247331
23.02.2017 11:23:47 ;44,16333333;6,996666667;49,7;890;23,71130889
23.02.2017 11:28:56 ;44,24666667;7,003333333;49,83333333;889;23,71719633
23.02.2017 11:34:10 ;44,33666667;7,003333333;50,23333333;880,6666667;23,89259023
23.02.2017 11:39:22 ;44,42333333;7,01;49,86666667;886;23,69795355
23.02.2017 11:44:35 ;44,51333333;7,003333333;49,9;882,6666667;23,28511187
23.02.2017 11:49:49 ;44,59666667;7,006666667;50,1;879;22,96499962
23.02.2017 11:54:57 ;44,68333333;6,986666667;50,2;877,3333333;22,88616078
23.02.2017 12:00:09 ;44,77;7,006666667;49,76666667;877;23,34782994
23.02.2017 12:05:27 ;44,85666667;7,006666667;49,83333333;879;23,40481754
23.02.2017 12:10:36 ;44,94333333;6,996666667;50,33333333;879;23,5639158
23.02.2017 12:15:48 ;45,03333333;6,996666667;49,96666667;894,6666667;24,49606731
23.02.2017 12:21:03 ;45,11666667;7,01;50,9;880,6666667;22,99949815
23.02.2017 12:26:15 ;45,20333333;7;49,73333333;878;23,10601416
23.02.2017 12:31:23 ;45,29333333;7,01;50,26666667;867;23,25125284
23.02.2017 12:36:38 ;45,37666667;7,003333333;49,93333333;868;23,06286907
23.02.2017 12:41:54 ;45,46333333;7,003333333;49,8;872,3333333;23,14254987
23.02.2017 12:47:06 ;45,55333333;7,006666667;50,26666667;866;23,11192666
23.02.2017 12:52:20 ;45,63666667;7,003333333;49,93333333;866,3333333;23,10137327
23.02.2017 12:57:28 ;45,72333333;7,006666667;50;864,6666667;23,03988315
23.02.2017 13:02:43 ;45,81333333;6,98;49,9;867;23,31830455
23.02.2017 13:07:58 ;45,90333333;6,996666667;50,33333333;862,3333333;23,67088869
23.02.2017 13:13:06 ;45,98333333;7,006666667;50,2;860;23,71590277
23.02.2017 13:18:18 ;46,07333333;6,996666667;49,9;862;23,09521965
23.02.2017 13:23:32 ;46,15666667;7,003333333;49,9;864,3333333;23,11817819
23.02.2017 13:28:44 ;46,24666667;7,013333333;50,1;859;23,09110872
23.02.2017 13:33:56 ;46,33333333;7;49,8;859,3333333;22,73728959
23.02.2017 13:39:12 ;46,42333333;7,016666667;49,96666667;860;22,83544958
23.02.2017 13:44:28 ;46,50666667;7,006666667;50,13333333;862,3333333;22,94556763
23.02.2017 13:49:36 ;46,59333333;7;49,93333333;857,3333333;22,82981295
23.02.2017 13:54:48 ;46,68333333;7,01;49,8;858,6666667;22,84935821
23.02.2017 14:00:01 ;46,76666667;6,996666667;49,83333333;859,6666667;23,29985564
23.02.2017 14:05:13 ;46,85333333;7,003333333;50,26666667;852,3333333;23,01798998
23.02.2017 14:10:28 ;46,94333333;7,003333333;50,16666667;860,6666667;23,08290985
23.02.2017 14:15:40 ;47,02666667;7;50,1;868,3333333;22,55580117
23.02.2017 14:20:56 ;47,11666667;7,01;50,3;845;22,43740325
23.02.2017 14:26:11 ;47,20333333;6,996666667;50,06666667;840,6666667;22,38023646
23.02.2017 14:31:19 ;47,28666667;6,993333333;49,93333333;844,3333333;22,62657457
23.02.2017 14:36:32 ;47,37666667;7,01;49,96666667;847,3333333;22,92952107
23.02.2017 14:41:46 ;47,46333333;6,993333333;49,86666667;847,3333333;22,95627768
23.02.2017 14:46:55 ;47,54666667;7,003333333;50,1;841,6666667;22,86690159
23.02.2017 14:52:06 ;47,63333333;7,01;49,73333333;843,6666667;22,69132532
23.02.2017 14:57:22 ;47,72333333;7,013333333;49,9;843;22,54844615
23.02.2017 15:02:37 ;47,81333333;7;50,1;840,3333333;22,92319247
23.02.2017 15:07:45 ;47,89666667;7;49,76666667;841,6666667;22,97327896
23.02.2017 15:12:57 ;47,98333333;7,006666667;49,8;843,3333333;22,87361325
23.02.2017 15:18:10 ;48,07333333;7,013333333;49,9;839;22,72949013
23.02.2017 15:23:22 ;48,15666667;7;50,36666667;833,6666667;22,55249247
23.02.2017 15:28:37 ;48,24333333;7,003333333;49,86666667;833;22,42901946
23.02.2017 15:33:50 ;48,33333333;7,003333333;49,76666667;835;22,43656609
23.02.2017 15:39:05 ;48,41666667;7,003333333;50,33333333;828;22,52949507
23.02.2017 15:44:20 ;48,50666667;7;50,13333333;826,3333333;22,37399015
23.02.2017 15:49:28 ;48,59333333;7,01;50;831;22,56145809
23.02.2017 15:54:40 ;48,67666667;6,996666667;49,96666667;835;22,40399185
23.02.2017 15:59:54 ;48,76666667;7,013333333;49,9;832;22,08499114
23.02.2017 16:05:07 ;48,85333333;6,993333333;50,23333333;838,6666667;22,94918781
23.02.2017 16:10:19 ;48,93666667;7,006666667;49,4;838,6666667;22,93815836
23.02.2017 16:15:34 ;49,02666667;7,003333333;50,03333333;823,3333333;22,82464149
23.02.2017 16:20:49 ;49,11333333;6,99;50,33333333;814,3333333;22,24301925
23.02.2017 16:25:58 ;49,20333333;7,02;49,76666667;823,3333333;22,20333117
23.02.2017 16:31:10 ;49,28666667;7,003333333;49,93333333;818;22,26740643
23.02.2017 16:36:21 ;49,37333333;7,01;49,9;823;22,47884158
23.02.2017 16:41:36 ;49,46333333;7,003333333;49,7;820;22,45042143
23.02.2017 16:46:51 ;49,54666667;7,006666667;49,86666667;819;22,51335045
23.02.2017 16:52:00 ;49,63333333;7,01;49,63333333;817;22,45057767
23.02.2017 16:57:12 ;49,72333333;6,993333333;50,2;810;22,32035013
23.02.2017 17:02:26 ;49,80666667;7,003333333;50,2;806;22,78087097
23.02.2017 17:07:36 ;49,89333333;7;49,86666667;822,3333333;
23.02.2017 17:12:49 ;49,98333333;7;49,9;816,3333333;22,54067125
23.02.2017 17:18:04 ;50,06666667;7,01;49,93333333;813,3333333;22,39231883
23.02.2017 17:23:13 ;50,15333333;6,993333333;50,16666667;802,6666667;22,36252103
23.02.2017 17:28:25 ;50,24333333;7,003333333;49,9;807,6666667;22,26036274
23.02.2017 17:33:39 ;50,32666667;6,99;49,96666667;814,6666667;22,13649193
23.02.2017 17:38:55 ;50,41666667;6,996666667;50,13333333;811,3333333;22,43349352
23.02.2017 17:44:08 ;50,50333333;6,99;49,86666667;805,6666667;22,27864281
23.02.2017 17:49:20 ;50,58666667;7,003333333;49,96666667;808;21,92340048
23.02.2017 17:54:36 ;50,67666667;7,006666667;49,96666667;806,3333333;21,85337573
23.02.2017 17:59:44 ;50,76333333;7,01;50,16666667;798,3333333;22,10699367
23.02.2017 18:05:00 ;50,85333333;7,01;49,73333333;807;22,42231579
23.02.2017 18:10:10 ;50,93666667;6,996666667;49,63333333;821;22,9755815
23.02.2017 18:15:21 ;51,02333333;7,006666667;49,86666667;802,6666667;21,62734003
23.02.2017 18:20:36 ;51,11333333;6,996666667;50,36666667;794;21,86171724
23.02.2017 18:25:46 ;51,19666667;7,003333333;50,36666667;791;22,10236464
23.02.2017 18:30:58 ;51,28333333;7,006666667;49,9;800,3333333;21,84775646
23.02.2017 18:36:13 ;51,37333333;7,006666667;49,93333333;799,6666667;21,7492771
23.02.2017 18:41:23 ;51,45666667;6,996666667;50,03333333;799,6666667;21,77931604
23.02.2017 18:46:35 ;51,54333333;6,993333333;49,56666667;800,3333333;21,72523517
23.02.2017 18:51:51 ;51,63333333;6,996666667;49,76666667;796,6666667;21,9221313
23.02.2017 18:57:00 ;51,71666667;6,993333333;49,8;797,3333333;21,60942112
23.02.2017 19:02:13 ;51,80333333;7,006666667;50,16666667;793;21,77830682
23.02.2017 19:07:23 ;51,89333333;7,003333333;50;788,3333333;21,66952554
23.02.2017 19:12:40 ;51,97666667;7,006666667;49,83333333;798;21,74470249
23.02.2017 19:17:49 ;52,06333333;6,996666667;49,86666667;797;21,46936204
23.02.2017 19:23:01 ;52,15333333;7;49,9;794,3333333;21,70950522
23.02.2017 19:28:16 ;52,23666667;7,006666667;50,73333333;782,3333333;21,75137548
23.02.2017 19:33:26 ;52,32333333;7,003333333;50,13333333;789,6666667;21,7904081
23.02.2017 19:38:38 ;52,41333333;6,99;49,63333333;797,3333333;21,71686552
23.02.2017 19:43:51 ;52,49666667;6,98;49,86666667;796,6666667;21,49604981
23.02.2017 19:49:04 ;52,58333333;7,01;49,93333333;788;21,59322065
23.02.2017 19:54:19 ;52,67333333;7,01;49,76666667;790;21,59430294
23.02.2017 19:59:28 ;52,75666667;7,016666667;49,83333333;790,6666667;21,47232312
23.02.2017 20:04:41 ;52,84333333;6,996666667;50,16666667;788,3333333;21,55713831
23.02.2017 20:09:56 ;52,93333333;7,01;49,96666667;802,6666667;21,80053707
23.02.2017 20:15:04 ;53,01666667;7;50,76666667;772,6666667;21,89749607
23.02.2017 20:20:17 ;53,10333333;6,986666667;49,8;788,6666667;21,50038664
23.02.2017 20:25:32 ;53,19333333;6,996666667;50,06666667;784,6666667;21,35828303
23.02.2017 20:30:45 ;53,28;7,003333333;50,33333333;780,6666667;21,38267618
23.02.2017 20:35:57 ;53,36666667;7,006666667;49,66666667;787,3333333;21,41139282
23.02.2017 20:41:11 ;53,45333333;6,993333333;49,66666667;787,6666667;21,40622631
23.02.2017 20:46:25 ;53,54333333;7,003333333;49,6;789,6666667;21,45480415
23.02.2017 20:51:34 ;53,62666667;7,003333333;50;777;21,45590653
23.02.2017 20:56:46 ;53,71333333;6,996666667;50,03333333;778,6666667;21,605741
23.02.2017 21:02:01 ;53,80333333;7,006666667;49,06666667;796,6666667;21,62775864
23.02.2017 21:07:11 ;53,88666667;7;49,93333333;781,3333333;21,78697529
23.02.2017 21:12:23 ;53,97333333;6,996666667;50,13333333;770,3333333;21,31323427
23.02.2017 21:17:34 ;54,06333333;7,006666667;49,86666667;771;21,26613566
23.02.2017 21:22:48 ;54,14666667;6,983333333;49,8;777,3333333;21,28937824
23.02.2017 21:28:03 ;54,23333333;7;50,23333333;775,3333333;21,26498395
23.02.2017 21:33:12 ;54,32333333;7,01;50,3;774,6666667;21,1673992
23.02.2017 21:38:24 ;54,40666667;6,99;50,06666667;776,6666667;21,08633645
23.02.2017 21:43:38 ;54,49333333;7;49,86666667;776;21,00906417
23.02.2017 21:48:47 ;54,58333333;6,996666667;49,8;779;20,95965442
23.02.2017 21:53:59 ;54,66666667;6,996666667;50;770,3333333;20,82789879
23.02.2017 21:59:13 ;54,75333333;6,99;50,2;766;21,03779267
23.02.2017 22:04:22 ;54,84333333;7,003333333;49,9;788;20,88442423
23.02.2017 22:09:34 ;54,92666667;6,99;50,03333333;773,3333333;20,85436122
23.02.2017 22:14:48 ;55,01333333;7,006666667;50,13333333;768,3333333;20,81990224
23.02.2017 22:20:04 ;55,10333333;7,01;49,76666667;766;20,67819216
23.02.2017 22:25:16 ;55,18666667;7,003333333;49,63333333;776,3333333;20,77874389
23.02.2017 22:30:28 ;55,27333333;7,01;50,23333333;765;20,61883782
23.02.2017 22:35:40 ;55,36333333;7,01;50,33333333;763;20,63171342
23.02.2017 22:40:55 ;55,44666667;6,993333333;49,8;765,6666667;20,595048
23.02.2017 22:46:10 ;55,53666667;7,003333333;49,86666667;772;20,62571361
23.02.2017 22:51:18 ;55,62333333;7,006666667;49,93333333;768,6666667;20,40630322
23.02.2017 22:56:30 ;55,70666667;7,006666667;50,06666667;764,6666667;20,66232695
23.02.2017 23:01:44 ;55,79666667;7,01;49,96666667;765,3333333;20,59950542
23.02.2017 23:06:56 ;55,88333333;6,993333333;49,83333333;775,6666667;20,5381568
23.02.2017 23:12:08 ;55,96666667;7,006666667;49,9;760;20,53190461
23.02.2017 23:17:22 ;56,05666667;6,99;49,83333333;769,3333333;20,42228773
23.02.2017 23:22:34 ;56,14333333;7,006666667;49,7;769,6666667;20,39893935
23.02.2017 23:27:43 ;56,22666667;6,98;50,03333333;768,6666667;20,18002569
23.02.2017 23:32:58 ;56,31666667;7;50,46666667;755,3333333;20,33941925
23.02.2017 23:38:13 ;56,40333333;7,003333333;50,1;765,3333333;20,15306393
23.02.2017 23:43:25 ;56,49333333;7;50,2;767,3333333;20,13328621
23.02.2017 23:48:40 ;56,57666667;7,013333333;50,4;758,6666667;20,19782853
23.02.2017 23:53:49 ;56,66333333;7;50,1;758,6666667;20,18184684
23.02.2017 23:59:02 ;56,75333333;7;49,8;767,3333333;20,06287417
24.02.2017 00:04:17 ;56,83666667;7,003333333;50,26666667;764,3333333;20,53962947
24.02.2017 00:09:26 ;56,92333333;6,99;49,7;769,6666667;20,39252083
24.02.2017 00:14:38 ;57,01333333;7,003333333;50,06666667;770,3333333;20,49857044
24.02.2017 00:19:53 ;57,09666667;6,993333333;50;769,6666667;19,72069232
24.02.2017 00:25:05 ;57,18333333;7;49,83333333;758;19,83180568
24.02.2017 00:30:18 ;57,27333333;7,003333333;49,66666667;753,3333333;19,55088361
24.02.2017 00:35:36 ;57,36333333;6,99;49,96666667;755;19,63018853
24.02.2017 00:40:48 ;57,44666667;7,01;49,66666667;757,3333333;19,66246204
24.02.2017 00:45:56 ;57,53333333;6,996666667;50,23333333;748;19,70376972
24.02.2017 00:51:08 ;57,61666667;7,003333333;49,96666667;751;19,72140752
24.02.2017 00:56:24 ;57,70666667;6,99;49,8;756;19,75075208
24.02.2017 01:01:32 ;57,79333333;7,003333333;50,03333333;754,6666667;20,00148741
24.02.2017 01:06:46 ;57,88;7,006666667;50,03333333;753;19,81204689
24.02.2017 01:11:55 ;57,96666667;7,006666667;50,3;747;19,67797995
24.02.2017 01:17:07 ;58,05333333;6,99;50,03333333;749,3333333;19,66996949
24.02.2017 01:22:22 ;58,14;7;49,6;752,6666667;19,42483288
24.02.2017 01:27:31 ;58,22666667;7;50,2;753;19,33229619
24.02.2017 01:32:43 ;58,31333333;7,006666667;49,76666667;750,3333333;19,49273227
24.02.2017 01:38:02 ;58,40333333;6,993333333;49,83333333;755,3333333;19,52387705
24.02.2017 01:43:15 ;58,48666667;7,013333333;49,76666667;754,3333333;19,22914887
24.02.2017 01:48:27 ;58,57333333;7;49,6;748;19,1937942
24.02.2017 01:53:41 ;58,66333333;7,003333333;49,63333333;753;19,25524101
24.02.2017 01:58:54 ;58,74666667;6,983333333;50,03333333;748,6666667;19,09160793
24.02.2017 02:04:03 ;58,83333333;7,01;50,3;746,3333333;19,08713177
24.02.2017 02:09:14 ;58,92333333;6,996666667;50,23333333;745,6666667;18,8430169
24.02.2017 02:14:28 ;59,00666667;6,993333333;49,66666667;749,3333333;18,91071043
24.02.2017 02:19:37 ;59,09333333;7,006666667;49,7;752,3333333;18,99980959
24.02.2017 02:24:53 ;59,18333333;6,993333333;50,03333333;752;18,93933444
24.02.2017 02:30:02 ;59,26666667;7,006666667;50,03333333;746;18,9357252
24.02.2017 02:35:14 ;59,35333333;7,006666667;50,06666667;748,6666667;18,86173419
24.02.2017 02:40:29 ;59,44333333;6,996666667;50,03333333;746,3333333;18,83447793
24.02.2017 02:45:38 ;59,52666667;7,01;49,76666667;750;18,95596241
24.02.2017 02:50:50 ;59,61333333;6,993333333;49,83333333;746,3333333;18,73740008
24.02.2017 02:56:05 ;59,70333333;7;49,96666667;745,3333333;18,8399037
24.02.2017 03:01:17 ;59,78666667;7,003333333;50,06666667;744,3333333;18,72745992
24.02.2017 03:06:28 ;59,87333333;7;49,86666667;749,3333333;18,75409334
24.02.2017 03:11:47 ;59,96333333;6,986666667;49,86666667;742,6666667;18,7978239
24.02.2017 03:16:59 ;60,05333333;6,996666667;49,86666667;750,6666667;18,57195725
24.02.2017 03:22:08 ;60,13666667;7,003333333;49,93333333;751;18,50538635
24.02.2017 03:27:20 ;60,22333333;7,016666667;50;745,3333333;18,33356987
24.02.2017 03:32:36 ;60,31333333;7,003333333;50,26666667;738,3333333;18,41379693
24.02.2017 03:37:45 ;60,39666667;6,993333333;50;749,3333333;18,27269298
24.02.2017 03:42:56 ;60,48333333;7,003333333;49,4;754;18,29623133
24.02.2017 03:48:09 ;60,57;6,996666667;50,06666667;750,6666667;18,24718228
24.02.2017 03:53:25 ;60,65666667;7,003333333;50;746,3333333;18,20470828
24.02.2017 03:58:39 ;60,74333333;7,006666667;49,9;746,3333333;18,11744834
24.02.2017 04:03:52 ;60,83333333;6,996666667;49,63333333;752,3333333;18,15216785
24.02.2017 04:09:04 ;60,91666667;6,993333333;49,46666667;748,6666667;18,2311459
24.02.2017 04:14:18 ;61,00333333;6,993333333;49,9;745,6666667;17,9994467
24.02.2017 04:19:29 ;61,09333333;6,996666667;49,8;743;17,9219048
24.02.2017 04:24:41 ;61,17666667;7,006666667;50,13333333;740,6666667;17,89348805
24.02.2017 04:29:56 ;61,26666667;7,013333333;50,03333333;736,3333333;18,0868335
24.02.2017 04:35:09 ;61,35333333;7,003333333;50,16666667;743;17,96833119
24.02.2017 04:40:19 ;61,43666667;7,003333333;49,9;744,6666667;18,02598737
24.02.2017 04:45:32 ;61,52666667;6,996666667;49,9;741;17,99826992
24.02.2017 04:50:48 ;61,61333333;7;50,43333333;731,6666667;17,92114304
24.02.2017 04:55:57 ;61,7;6,983333333;49,8;740,6666667;17,76849307
24.02.2017 05:01:08 ;61,78666667;7,01;49,66666667;744,3333333;17,8507345
24.02.2017 05:06:25 ;61,87333333;7;49,7;747;17,76455108
24.02.2017 05:11:33 ;61,96;6,996666667;50,06666667;731,6666667;17,64277146
24.02.2017 05:16:48 ;62,04666667;6,99;49,96666667;742;17,72950346
24.02.2017 05:21:58 ;62,13333333;7;49,93333333;740,3333333;17,61794555
24.02.2017 05:27:10 ;62,22333333;7,006666667;49,86666667;742,3333333;17,59662808
24.02.2017 05:32:25 ;62,30666667;7,01;49,93333333;734,6666667;17,47011884
24.02.2017 05:37:36 ;62,39333333;6,993333333;49,86666667;733,3333333;17,39799976
24.02.2017 05:42:48 ;62,48333333;7,006666667;49,56666667;740,6666667;17,46963071
24.02.2017 05:48:03 ;62,56666667;7;50,1;742;17,26512596
24.02.2017 05:53:13 ;62,65333333;7,013333333;50,03333333;736,6666667;17,29072174
24.02.2017 05:58:25 ;62,74333333;7,013333333;49,96666667;740;17,11895517
24.02.2017 06:03:40 ;62,82666667;6,99;49,63333333;738;17,14825603
24.02.2017 06:08:49 ;62,91333333;7;49,56666667;739;17,18776487
24.02.2017 06:14:03 ;63,00333333;6,993333333;50,13333333;728,6666667;17,20287996
24.02.2017 06:19:21 ;63,08666667;7;49,9;737,6666667;17,34569431
24.02.2017 06:24:33 ;63,17666667;7,003333333;50,06666667;730,3333333;17,32872566
24.02.2017 06:29:43 ;63,26333333;7,013333333;50,3;734;17,06146233
24.02.2017 06:34:54 ;63,34666667;7;49,86666667;736,3333333;17,07653809
24.02.2017 06:40:09 ;63,43666667;6,99;49,7;729,3333333;17,02587436
24.02.2017 06:45:22 ;63,52333333;7,003333333;49,63333333;741;16,98771713
24.02.2017 06:50:36 ;63,61333333;6,996666667;50,06666667;732,3333333;16,92668607
24.02.2017 06:55:45 ;63,69666667;6,996666667;50,13333333;729,6666667;17,11738423
24.02.2017 07:00:57 ;63,78333333;7,003333333;49,8;729,6666667;17,12638815
24.02.2017 07:06:12 ;63,87333333;7,01;49,76666667;734,6666667;16,93155134
24.02.2017 07:11:21 ;63,95666667;7,003333333;50,36666667;730,3333333;17,02415077
24.02.2017 07:16:33 ;64,04333333;6,996666667;49,76666667;731;16,92109524
24.02.2017 07:21:48 ;64,13333333;6,983333333;49,96666667;731,3333333;16,77201888
24.02.2017 07:26:59 ;64,21666667;7,006666667;49,83333333;727;17,07098911
24.02.2017 07:32:12 ;64,30333333;7,003333333;50,16666667;725,6666667;16,75249807
24.02.2017 07:37:26 ;64,39333333;7;49,83333333;725;16,44587681
24.02.2017 07:42:39 ;64,47666667;7,01;50,06666667;728;16,70056889
24.02.2017 07:47:47 ;64,56333333;7;50;729,6666667;16,73551429
24.02.2017 07:52:57 ;64,65;7,003333333;50,53333333;725,3333333;16,63537853
24.02.2017 07:58:10 ;64,73666667;7,01;50;724;16,27902997
24.02.2017 08:03:23 ;64,82333333;7,01;49,86666667;724;16,60277094
24.02.2017 08:08:38 ;64,91333333;7,003333333;49,66666667;745,3333333;16,75107279
24.02.2017 08:13:47 ;64,99666667;7;49,96666667;728,3333333;17,09611409
24.02.2017 08:19:00 ;65,08333333;6,996666667;49,73333333;726;16,54862575
24.02.2017 08:24:15 ;65,17333333;7,013333333;50,13333333;723;16,41056277
24.02.2017 08:29:24 ;65,25666667;7,003333333;50,03333333;721,6666667;16,56246653
24.02.2017 08:34:37 ;65,34333333;6,983333333;50,23333333;719,3333333;16,51915563
24.02.2017 08:39:52 ;65,43333333;7;50,33333333;715,3333333;16,6302489
24.02.2017 08:45:01 ;65,51666667;6,993333333;49,76666667;719,3333333;16,71682697
24.02.2017 08:50:13 ;65,60333333;6,986666667;49,7;723;16,53049708
